Feature,Category,Type,BaseRate,MajorityBaselineF1,BestLLM_F1,LLM_vs_Baseline,LLM_Beats_Baseline
SwallowingObjects,negative bodily stimulation,binary,0.005291005291005291,0,1,1,TRUE
NewBorn,function,binary,0.059964726631393295,0,0.8918918918918919,0.8918918918918919,TRUE
Funerary,function,binary,0.13932980599647266,0,0.8520710059171598,0.8520710059171598,TRUE
Circumcision,negative bodily stimulation,binary,0.015873015873015872,0,0.8421052631578948,0.8421052631578948,TRUE
Hallucinogen,altered states of consciousness,binary,0.010582010582010581,0,0.8333333333333334,0.8333333333333334,TRUE
Wedding,function,binary,0.029982363315696647,0,0.8125,0.8125,TRUE
Initiation,function,binary,0.10052910052910052,0,0.7913669064748202,0.7913669064748202,TRUE
Dancing,movement and sounds,binary,0.2874779541446208,0,0.779874213836478,0.779874213836478,TRUE
Singing,movement and sounds,binary,0.41975308641975306,0,0.7662082514734775,0.7662082514734775,TRUE
SacrificeAnimal,spectacle,binary,0.18165784832451498,0,0.7555555555555555,0.7555555555555555,TRUE
Spitting,purification,binary,0.019400352733686066,0,0.7500000000000001,0.7500000000000001,TRUE
SuckingofPatient,negative bodily stimulation,binary,0.005291005291005291,0,0.7499999999999999,0.7499999999999999,TRUE
Sexual intercourse,spectacle,binary,0.014109347442680775,0,0.7368421052631579,0.7368421052631579,TRUE
Explosions,movement and sounds,binary,0.03880070546737213,0,0.7368421052631577,0.7368421052631577,TRUE
ExecutivePossession,altered states of consciousness,binary,0.06525573192239859,0,0.7246376811594204,0.7246376811594204,TRUE
Percussion,movement and sounds,binary,0.20987654320987653,0,0.7183673469387755,0.7183673469387755,TRUE
Marching,movement and sounds,binary,0.18518518518518517,0,0.7090909090909092,0.7090909090909092,TRUE
WorldyPursuit,function,binary,0.4126984126984127,0,0.7011070110701108,0.7011070110701108,TRUE
Beating,negative bodily stimulation,binary,0.019400352733686066,0,0.6923076923076923,0.6923076923076923,TRUE
Haircut,purification,binary,0.03880070546737213,0,0.6896551724137931,0.6896551724137931,TRUE
Blood,spectacle,binary,0.1111111111111111,0,0.6891891891891891,0.6891891891891891,TRUE
CommunalEating,indicators of bonding,binary,0.2310405643738977,0,0.6789667896678967,0.6789667896678967,TRUE
OtherUnion,function,binary,0.014109347442680775,0,0.6666666666666666,0.6666666666666666,TRUE
Sedatives,altered states of consciousness,binary,0.015873015873015872,0,0.6666666666666666,0.6666666666666666,TRUE
SacrificeHuman,spectacle,binary,0.005291005291005291,0,0.6666666666666666,0.6666666666666666,TRUE
Washing,purification,binary,0.12169312169312169,0,0.6560846560846562,0.6560846560846562,TRUE
Alcohol,altered states of consciousness,binary,0.13051146384479717,0,0.6496815286624205,0.6496815286624205,TRUE
Speechmaking,spectacle,binary,0.37918871252204583,0,0.648888888888889,0.648888888888889,TRUE
Naming,spectacle,binary,0.037037037037037035,0,0.631578947368421,0.631578947368421,TRUE
HouseDedication,function,binary,0.019400352733686066,0,0.6285714285714286,0.6285714285714286,TRUE
Weapons,spectacle,binary,0.09700176366843033,0,0.6226415094339622,0.6226415094339622,TRUE
Fasting,endurance ordeals,binary,0.04409171075837742,0,0.6101694915254238,0.6101694915254238,TRUE
NonRhythmic,movement and sounds,binary,0.12522045855379188,0,0.6021505376344086,0.6021505376344086,TRUE
Installation,function,binary,0.007054673721340388,0,0.6,0.6,TRUE
Tattooing,negative bodily stimulation,binary,0.007054673721340388,0,0.6,0.6,TRUE
Minatures,spectacle,binary,0.04938271604938271,0,0.6,0.6,TRUE
Divination,function,binary,0.04409171075837742,0,0.5964912280701754,0.5964912280701754,TRUE
Costume,spectacle,binary,0.20282186948853614,0,0.5810055865921788,0.5810055865921788,TRUE
PerformanceTrance,altered states of consciousness,binary,0.04409171075837742,0,0.575,0.575,TRUE
InterdictionHands,purification,binary,0.008818342151675485,0,0.5714285714285715,0.5714285714285715,TRUE
WaterOffering,spectacle,binary,0.031746031746031744,0,0.5714285714285715,0.5714285714285715,TRUE
Isolation,psychological discomfort,binary,0.047619047619047616,0,0.5633802816901409,0.5633802816901409,TRUE
Sprinkling,purification,binary,0.09876543209876543,0,0.5594405594405594,0.5594405594405594,TRUE
FireEmbers,spectacle,binary,0.10052910052910052,0,0.5521472392638036,0.5521472392638036,TRUE
Stimulants,altered states of consciousness,binary,0.031746031746031744,0,0.5454545454545455,0.5454545454545455,TRUE
Rubbing,purification,binary,0.04056437389770723,0,0.5454545454545454,0.5454545454545454,TRUE
Piercing,negative bodily stimulation,binary,0.005291005291005291,0,0.5454545454545454,0.5454545454545454,TRUE
ImmediateKin,participation,binary,0.24162257495590828,0,0.5422740524781341,0.5422740524781341,TRUE
PathogenicPossession,spectacle,binary,0.021164021164021163,0,0.5217391304347826,0.5217391304347826,TRUE
OtherInstruments,movement and sounds,binary,0.06878306878306878,0,0.5128205128205128,0.5128205128205128,TRUE
Solitary,participation,binary,0.05114638447971781,0,0.5098039215686274,0.5098039215686274,TRUE
ExtendedKin,participation,binary,0.15696649029982362,0,0.5054945054945056,0.5054945054945056,TRUE
Bowing,movement and sounds,binary,0.06701940035273368,0,0.5,0.5,TRUE
Vomiting,negative bodily stimulation,binary,0.005291005291005291,0,0.5,0.5,TRUE
MockConflict,spectacle,binary,0.06172839506172839,0,0.4883720930232558,0.4883720930232558,TRUE
RitualConstruction,spectacle,binary,0.12169312169312169,0,0.4803921568627452,0.4803921568627452,TRUE
BurialOfferings,spectacle,binary,0.02292768959435626,0,0.46153846153846156,0.46153846153846156,TRUE
WoundingSuperficial,negative bodily stimulation,binary,0.026455026455026454,0,0.4444444444444444,0.4444444444444444,TRUE
Dehydration,endurance ordeals,binary,0.010582010582010581,0,0.42857142857142855,0.42857142857142855,TRUE
Group50percent,participation,binary,0.2222222222222222,0,0.4052532833020638,0.4052532833020638,TRUE
Scarification,negative bodily stimulation,binary,0.001763668430335097,0,0.4,0.4,TRUE
Outsiders,participation,binary,0.06172839506172839,0,0.3950617283950617,0.3950617283950617,TRUE
HolySite,spectacle,binary,0.14638447971781304,0,0.3888888888888889,0.3888888888888889,TRUE
HolyObjects,spectacle,binary,0.13403880070546736,0,0.371900826446281,0.371900826446281,TRUE
TabooSmoke,taboos,binary,0.003527336860670194,0,0.3636363636363636,0.3636363636363636,TRUE
Apotropaeic,function,binary,0.059964726631393295,0,0.3603603603603604,0.3603603603603604,TRUE
Smoking,altered states of consciousness,binary,0.021164021164021163,0,0.36000000000000004,0.36000000000000004,TRUE
SleepDeprivation,endurance ordeals,binary,0.03527336860670194,0,0.358974358974359,0.358974358974359,TRUE
Joyful,indicators of bonding,binary,0.08818342151675485,0,0.3564356435643565,0.3564356435643565,TRUE
Confession,spectacle,binary,0.01763668430335097,0,0.3555555555555555,0.3555555555555555,TRUE
IntenseMusicDance,movement and sounds,binary,0.04946996466431095,0,0.3448275862068966,0.3448275862068966,TRUE
TabooSexual,taboos,binary,0.026455026455026454,0,0.339622641509434,0.339622641509434,TRUE
TextRecitation,spectacle,binary,0.06525573192239859,0,0.3355704697986577,0.3355704697986577,TRUE
Group90100percent,participation,binary,0.06525573192239859,0,0.3296703296703297,0.3296703296703297,TRUE
Games,indicators of bonding,binary,0.01763668430335097,0,0.32000000000000006,0.32000000000000006,TRUE
WoundingSignificant,negative bodily stimulation,binary,0.008818342151675485,0,0.3076923076923077,0.3076923076923077,TRUE
PeakDysphoria,arousal,multiclass,0.4620811287477954,0.03950542822677924,0.34691259554669324,0.307407167319914,TRUE
StoryTelling,spectacle,binary,0.026455026455026454,0,0.30000000000000004,0.30000000000000004,TRUE
TabooAlcohol,taboos,binary,0.008818342151675485,0,0.3,0.3,TRUE
Liturgical,function,binary,0.03350970017636684,0,0.2894736842105263,0.2894736842105263,TRUE
BurningOfferings,spectacle,binary,0.015873015873015872,0,0.28125,0.28125,TRUE
TabooTalking,taboos,binary,0.010582010582010581,0,0.2777777777777778,0.2777777777777778,TRUE
AnnualPARTICIPANT,frequency,multiclass,0.48148148148148145,0.08125,0.3584586860761684,0.2772086860761684,TRUE
Humilation,psychological discomfort,binary,0.005291005291005291,0,0.2727272727272727,0.2727272727272727,TRUE
Commerative,function,binary,0.047619047619047616,0,0.265625,0.265625,TRUE
Group5090percent,participation,binary,0.059964726631393295,0,0.25142857142857145,0.25142857142857145,TRUE
AthleticFeats,endurance ordeals,binary,0.03527336860670194,0,0.2424242424242424,0.2424242424242424,TRUE
AnnualPATIENT,frequency,multiclass,0.4028268551236749,0.06381192275398824,0.2996721283512553,0.23586020559726706,TRUE
Immobility,endurance ordeals,binary,0.014109347442680775,0,0.23188405797101452,0.23188405797101452,TRUE
ParticipantsSex,participation,multiclass,0.7936507936507936,0.22123893805309736,0.449207964282971,0.22796902622987364,TRUE
OtherWorldyPursuit,function,binary,0.07583774250440917,0,0.22508038585209,0.22508038585209,TRUE
BurningParticipants,negative bodily stimulation,binary,0.003527336860670194,0,0.22222222222222224,0.22222222222222224,TRUE
Fumigation,purification,binary,0.01763668430335097,0,0.21978021978021975,0.21978021978021975,TRUE
PeakEuphoria,arousal,multiclass,0.14638447971781304,0.015961538461538458,0.22342138100616743,0.20745984254462896,TRUE
AvgEuphoria,arousal,multiclass,0.2821869488536155,0.06288072312831598,0.26569508181225043,0.20281435868393444,TRUE
Fear,psychological discomfort,binary,0.014109347442680775,0,0.1951219512195122,0.1951219512195122,TRUE
LargeCrowd,spectacle,binary,0.05114638447971781,0,0.16666666666666669,0.16666666666666669,TRUE
FoulOlfaction,negative bodily stimulation,binary,0.014109347442680775,0,0.16000000000000003,0.16000000000000003,TRUE
AvgDyphoria,arousal,multiclass,0.5478723404255319,0.1011291114383898,0.2475315494224217,0.1464024379840319,TRUE
RitualDuration,duration,multiclass,0.5502645502645502,0.10141394441735738,0.2311271894280744,0.12971324501071702,TRUE
SorrowMusicDance,movement and sounds,binary,0.010582010582010581,0,0.12698412698412698,0.12698412698412698,TRUE
LacerationSensitive,negative bodily stimulation,binary,0.005291005291005291,0,0.125,0.125,TRUE
ParticipantPeakEuphoria,arousal,multiclass,0.5957854406130269,0.09333733493397361,0.2101022516223175,0.11676491668834388,TRUE
DramaticActs,spectacle,binary,0.02292768959435626,0,0.10588235294117647,0.10588235294117647,TRUE
SensoryPageantry,ritual form,multiclass,0.4462081128747795,0.0881533101045296,0.17500909716745547,0.08685578706292586,TRUE
LargescaleMusicDance,movement and sounds,binary,0.008818342151675485,0,0.06622516556291391,0.06622516556291391,TRUE
Protection,function,binary,0.010582010582010581,0,0.04975124378109452,0.04975124378109452,TRUE
AcquisitionExegesis,exegesis,multiclass,0.9488536155202821,0.19475113122171944,0.21699716713881018,0.022246035917090734,TRUE
Group15abs,participation,binary,0.5308641975308642,0.6935483870967741,0.7014563106796117,0.00790792358283754,TRUE
Exegesis,exegesis,multiclass,0.9611992945326279,0.1960431654676259,0.1926605504587156,-0.0033826150089102947,FALSE
SMarker,ritual form,multiclass,0.6525573192239859,0.19743863393810032,0.14917504521349967,-0.04826358872460065,FALSE
