feature_category,feature_variable,feature_description,feature_options
function,Wedding,Formal union between two individuals recognized as a procreative or domestic partnership,Present (1)/ Absent (0)
function,OtherUnion,Formal union between two individuals that isn't a marriage,Present (1)/ Absent (0)
function,DissolveUnion,Termination of a formalized marital or domestic relationship,Present (1)/ Absent (0)
function,WorldyPursuit,"Formal activity or ceremony meant to change something in this world, as opposed to a supernatural realm",Present (1)/ Absent (0)
function,Apotropaeic,Curing of disease and protecting from harm and evil,Present (1)/ Absent (0)
function,OtherWorldyPursuit,Formal activity or ceremony oriented primarily towards the supernatural realm and not aimed at changes in this world,Present (1)/ Absent (0)
function,Initiation,"Initiation of individuals into a group, association, or a new status or position in society",Present (1)/ Absent (0)
function,Installation,Official installation of a leader in his new position,Present (1)/ Absent (0)
function,Divination,Divination of future events,Present (1)/ Absent (0)
function,Liturgical,Official ritual of worship,Present (1)/ Absent (0)
function,NewBorn,Activity related to the birth of a baby,Present (1)/ Absent (0)
function,Funerary,Formal ceremony following close upon the death of an individual and involving some treatment of the deceased's remains,Present (1)/ Absent (0)
function,Commerative,Commemoration of the dead,Present (1)/ Absent (0)
function,Protection,Activities meant to protect from malignant influence,Present (1)/ Absent (0)
function,HouseDedication,Blessing a new house and its inhabitants,Present (1)/ Absent (0)
duration,RitualDuration,Lasting less than one hour,short (1) = less than one hour/ medium (2) = 1 to 6 hours/ long (3) = 6 to 12 hours/ extended (4)= more than 12 hours/Not Reported(999)
participation,ParticipantsSex,Participants are only male,Male(1)/Female(2)/Both Male and Female(3)/Not Reported(999)
participation,Solitary,Activity performed in solitude,Present (1)/ Absent (0)
participation,ImmediateKin,"Participants are the immediate kin group: parents, siblings, spouses, and children",Present (1)/ Absent (0)
participation,ExtendedKin,"Participants are the extended kin group: not only parents, siblings, spouses, and children, but also grandparents, aunts, uncles, cousins, and other more distant relatives",Present (1)/ Absent (0)
participation,Group15abs,Number of ritual participants is less than 15,Present (1)/ Absent (0)
participation,Group50percent,More than 15 people but less than half the local community participate in the ritual,Present (1)/ Absent (0)
participation,Group5090percent,Between 50% and 90% of the local community participates in the ritual,Present (1)/ Absent (0)
participation,Group90100percent,More than 90% of the local community participates in the ritual,Present (1)/ Absent (0)
participation,Outsiders,"Members of other communities and tribal groups participate in the ritual, besides the local community",Present (1)/ Absent (0)
frequency,AnnualPATIENT,"The typical frequency of participation for the patient of the ritual, for example the initiate in an initiation ritual, or the couple to be married in a wedding",1 = daily; 2 = less often than daily but more often than monthly;  3 =monthly; 4 = seasonally (less often than monthly but more often than annually); 5= annually; 6 = less often than annually but usually more often than once in a lifetime; 7 = usually once in a lifetime; 999 = not reported
frequency,AnnualPARTICIPANT,"The typical frequency of participation for the average participant in the ritual and not the ritual officiant or patient, for example the guests at a wedding",1 = daily; 2 = less often than daily but more often than monthly;  3 =monthly; 4 = seasonally (less often than monthly but more often than annually); 5= annually; 6 = less often than annually but usually more often than once in a lifetime; 7 = usually once in a lifetime; 999 = not reported
movement and sounds,Dancing,Dancing and repetitive rhythmic movement,Present (1)/ Absent (0)
movement and sounds,Singing,Singing and repetitive rhythmic vocalization,Present (1)/ Absent (0)
movement and sounds,Percussion,Use of percussion instruments like drums,Present (1)/ Absent (0)
movement and sounds,OtherInstruments,"Use of musical instruments that are not percussion instruments, like wind instruments (pipes, trumpets) or string instruments (harps, lyres, guitars), or idiophones (rattles)",Present (1)/ Absent (0)
movement and sounds,NonRhythmic,"Shouting, screaming and other non-rhythmic and non-tonal vocalizations",Present (1)/ Absent (0)
movement and sounds,IntenseMusicDance,"Music and/or dance that evinces excitement (e.g. through high volume, energetic display, etc.)",Present (1)/ Absent (0)
movement and sounds,SorrowMusicDance,"Music and/or dance that evinces sorrow/nostalgia (e.g. through sad lyrics, poignant motifs, etc.)",Present (1)/ Absent (0)
movement and sounds,LargescaleMusicDance,Music and/or dance that involves large-scale concerted action,Present (1)/ Absent (0)
movement and sounds,Marching,Marching or a procession,Present (1)/ Absent (0)
movement and sounds,Explosions,"Loud bangs, like the firing of guns or fireworks ",Present (1)/ Absent (0)
movement and sounds,Bowing,"Bowing, kneeling or prostration",Present (1)/ Absent (0)
purification,Haircut,Cutting or shaving the hair off the body of ritual participants,Present (1)/ Absent (0)
purification,Washing,Washing of the body of ritual participants,Present (1)/ Absent (0)
purification,Rubbing,Participants rubbed or massaged,Present (1)/ Absent (0)
purification,Sprinkling,Sprinkling or blowing of liquids or small particles,Present (1)/ Absent (0)
purification,Fumigation,Fumigation or any kind of purification using smoke,Present (1)/ Absent (0)
purification,InterdictionHands,Use of hands is forbidden for ritual participants,Present (1)/ Absent (0)
purification,Spitting,Spitting on ritual participants,Present (1)/ Absent (0)
altered states of consciousness,Hallucinogen,Use of hallucinogenic drugs,Present (1)/ Absent (0)
altered states of consciousness,Sedatives,Use of sedatives,Present (1)/ Absent (0)
altered states of consciousness,Alcohol,Drinking alcohol,Present (1)/ Absent (0)
altered states of consciousness,ExecutivePossession,"Some of the ritual participants are at some point perceived to be possessed by a spirit, with that spirit controlling their actions",Present (1)/ Absent (0)
altered states of consciousness,PerformanceTrance,"Some of the ritual participants at some point go into a trance, having diminished awareness of their surroundings and experiencing altered states of consciousness",Present (1)/ Absent (0)
altered states of consciousness,Stimulants,Use of stimulating drugs,Present (1)/ Absent (0)
altered states of consciousness,Smoking,"Smoking tobacco or other substances using a cigarette, pipe, etc.",Present (1)/ Absent (0)
negative bodily stimulation,BurningParticipants,"Burning of ritual participants' bodies with ashed, embers, etc.",Present (1)/ Absent (0)
negative bodily stimulation,WoundingSignificant,Significant wounding or bleeding,Present (1)/ Absent (0)
negative bodily stimulation,WoundingSuperficial,superficial wounding,Present (1)/ Absent (0)
negative bodily stimulation,Beating,Whipping and/or violent beating of participants,Present (1)/ Absent (0)
negative bodily stimulation,Piercing,Piercing the body parts of ritual participants,Present (1)/ Absent (0)
negative bodily stimulation,Scarification,"Scarification, intentionally creating scars on the skin through cutting and burning",Present (1)/ Absent (0)
negative bodily stimulation,Tattooing,Tattooing,Present (1)/ Absent (0)
negative bodily stimulation,LacerationSensitive,"Laceration of sensitive organs (skin, tongue, etc.)",Present (1)/ Absent (0)
negative bodily stimulation,Circumcision,Circumcision or the removal of the uvula,Present (1)/ Absent (0)
negative bodily stimulation,FoulOlfaction,"Foul or unpleasant sensations (heat, stinging), tastes or smells",Present (1)/ Absent (0)
negative bodily stimulation,Vomiting,Vomiting,Present (1)/ Absent (0)
negative bodily stimulation,SwallowingObjects,"Swallowing of undigestable objects (swords, stones)",Present (1)/ Absent (0)
negative bodily stimulation,SuckingofPatient,"In the course of a healing ritual, a part of the patient's body is sucked by the person treating him, removing the source of the disease",Present (1)/ Absent (0)
endurance ordeals,Fasting,"Fasting, abstaining from food and drink",Present (1)/ Absent (0)
endurance ordeals,AthleticFeats,"Extensive and/or protracted physical activity such as running, dancing, screaming, etc.",Present (1)/ Absent (0)
endurance ordeals,SleepDeprivation,Sleep deprivation,Present (1)/ Absent (0)
endurance ordeals,Dehydration,Dehydration,Present (1)/ Absent (0)
endurance ordeals,Immobility,Long periods of immobility or maintenance of uncomfortable body position,Present (1)/ Absent (0)
psychological discomfort,Isolation,Isolation for extended periods of time,Present (1)/ Absent (0)
psychological discomfort,Fear,Threats or actions that evince fear,Present (1)/ Absent (0)
psychological discomfort,Disgust,Disgust and disgusting episodes are mentioned by participants,Present (1)/ Absent (0)
psychological discomfort,Humilation,Humiliation of participants,Present (1)/ Absent (0)
spectacle,DramaticActs,"Dramatic acts evincing displays of emotion from participants (tears, laughter, rage, fear etc.)",Present (1)/ Absent (0)
spectacle,HolyObjects,awe inspired by sacred persons or objects ,Present (1)/ Absent (0)
spectacle,HolySite,awe inspired by special site or building,Present (1)/ Absent (0)
spectacle,RitualConstruction,"group construction of some building, tent, or other edifice related to the ritual",Present (1)/ Absent (0)
spectacle,LargeCrowd,assembly of a large crowd of at least a few dozen people,Present (1)/ Absent (0)
spectacle,MockConflict,Mock fighting by ritual participants,Present (1)/ Absent (0)
spectacle,Costume,Ceremonial costume and/or bodily decorations,Present (1)/ Absent (0)
spectacle,FireEmbers,Use of fire or embers,Present (1)/ Absent (0)
spectacle,SacrificeAnimal,Sacrifice of animals,Present (1)/ Absent (0)
spectacle,SacrificeHuman,Sacrifice of humans,Present (1)/ Absent (0)
spectacle,WaterOffering,Placing or throwing of ritual offerings in water,Present (1)/ Absent (0)
spectacle,Minatures,"Minature effigies, minature instruments, dolls, or other small objects",Present (1)/ Absent (0)
spectacle,PathogenicPossession,Possession of one of the ritual participants by an evil or harmful spirit,Present (1)/ Absent (0)
spectacle,Speechmaking,Speechmaking and oration,Present (1)/ Absent (0)
spectacle,TextRecitation,Recitation of texts,Present (1)/ Absent (0)
spectacle,Naming,some or all ritual participants are given new names,Present (1)/ Absent (0)
spectacle,Blood,Blood is spilled or rubbed over the body of ritual participants,Present (1)/ Absent (0)
spectacle,Weapons,use of weapons or firebrands,Present (1)/ Absent (0)
spectacle,Sexual intercourse,Sexual intercourse,Present (1)/ Absent (0)
spectacle,StoryTelling,Narrative or story recounted,Present (1)/ Absent (0)
spectacle,BurialOfferings,Burial of offerings,Present (1)/ Absent (0)
spectacle,BurningOfferings,Burning of offerings,Present (1)/ Absent (0)
spectacle,Confession,Confession or begging of forgiveness,Present (1)/ Absent (0)
indicators of bonding,Games,Games played in association with ritual,Present (1)/ Absent (0)
indicators of bonding,CommunalEating,Some participants eat meal together,Present (1)/ Absent (0)
indicators of bonding,Joyful,Reference to shared joyful behavior other than eating together or playing games,Present (1)/ Absent (0)
taboos,TabooSmoke,Restriction on smoking,Present (1)/ Absent (0)
taboos,TabooAlcohol,Restriction on intake of alcohol,Present (1)/ Absent (0)
taboos,TabooSexual,Restriction on sexual behavior,Present (1)/ Absent (0)
taboos,TabooTalking,Restriction on speaking,Present (1)/ Absent (0)
arousal,PeakEuphoria,"Level of arousal during the peak moment of euphoric arousal (e.g., joy, elation)","0–5, where 0 is no arousal and 5 is highest arousal"
arousal,AvgEuphoria,"Level of euphoric arousal (e.g., joy, elation) over the course of the ritual for average participant","0–5, where 0 is no arousal and 5 is highest arousal"
arousal,ParticipantPeakEuphoria,Which class of participant is exposed to peak euphoric arousal moment,Officiant (1)/ Patient(s) (2)/ Spectators (3)/ Officant and Patient(s) (4)/ Officiant and Spectators (5) /Patient(s) and Spectators (6) /All (7)
arousal,PeakDysphoria,"Level of arousal during the peak moment of dysphoric arousal (e.g., pain, fear)","0–5, where 0 is no arousal and 5 is highest arousal"
arousal,AvgDyphoria,"Level of dysphoric arousal (e.g., pain, fear) over the course of the ritual for average participant","0–5, where 0 is no arousal and 5 is highest arousal"
arousal,ParticipantPeakDysphoria,Which class of participant is exposed to peak dysphoric arousal moment,Officiant (1)/ Patient (2)/ Spectators (3)/ Officant and Patient (4)/ Officiant and Spectators (5) /Patient and Spectators (6) /All (7)
ritual form,SensoryPageantry,"Level of arousal provided by sensory stimulation (such as dazzling displays, musical or dramatic performances, strong aromas, physical pain) and/or strong emotions (awe, terror, elation, disgust, etc.).","0–5, where 0 is no arousal and 5 is highest arousal; 999 = Not Reported"
ritual form,SMarker,"The ritual element - agent, patient, or instrument - most directly associated with a supernatural entity. Every ritual action has three elements: 1. an agent, performing the action; 2. a patient, on which the action is being performed; 3. an instrument which is used to perform the act. When two elements are connected in some way with the supernatual, the element that is closest to it is the one which needs fewer ritual procedures to attain its association with the supernatural.",Agent (1)/ Patient (2)/ Instrument (3)/Not Reported (999)
exegesis,Exegesis,"How widely shared the interpretations of the meaning of the ritual are, ranging from everyone attributes the same meanings to the ritual to everyone attributes different meanings to it ",Known by all competent participants (1)/ Available to all competent participants but largely unknown (2)/ Restricted to specialists (3) /Restricted to other category (4)/Not Applicable or Unknown (999)
exegesis,AcquisitionExegesis,The way in which participants arrive at their interpretation of the meaning of their actions and why they are meant to perform them in a certain way – ranging from everyone accepting the interpretations presented to them by a figure of authority to everyone figuring it out for themselves,"Learnt through verbal hierarchal transmission, i.e., from authority figures (1)/  Learnt through verbal egalitaritarian transmission, i.e., from peers (2)/ Interpreted individually through reflection and rumination (3)/ Learnt through official texts (4) /Not reported (999)"
exegesis,IndividualExegesis,"The extent to which religious authorities tolerate independent interpretation of the meaning and purpose of the ritual, ranging from active encouragement to condemning or punishing personal innovation and meaning-making",encouraged(1)/allowed but not encouraged(2)/frowned upon(3)/actively punished(4)/Not Reported (999)/ Not Relevant (-1)